customer_id,signup_date,city,acquisition_channel,customer_segment
1001,2023-12-24,Hamburg,referral,regular
1002,2024-01-21,Düsseldorf,instagram,regular
1003,2023-12-01,Frankfurt,google_ads,regular
1004,2023-12-07,Köln,instagram,regular
1005,2023-11-05,Berlin,instagram,regular
1006,2023-10-02,Berlin,organic,new
1007,2023-11-25,Berlin,tiktok,new
1008,2023-10-21,Stuttgart,google_ads,regular
1009,2024-01-31,Köln,organic,regular
1010,2023-11-02,Frankfurt,instagram,vip
1011,2024-01-03,Berlin,referral,new
1012,2024-01-28,Düsseldorf,instagram,new
1013,2023-10-28,Stuttgart,organic,regular
1014,2023-10-28,Berlin,google_ads,new
1015,2023-11-25,Berlin,referral,vip
1016,2023-10-19,Berlin,instagram,regular
1017,2024-02-17,Hamburg,tiktok,new
1018,2023-11-09,München,email,regular
1019,2023-09-15,München,instagram,regular
1020,2023-10-24,Hamburg,tiktok,new
1021,2023-12-10,Köln,instagram,vip
1022,2023-09-08,Berlin,tiktok,regular
1023,2023-10-23,Hamburg,tiktok,regular
1024,2023-10-30,Hamburg,google_ads,new
1025,2023-12-17,München,organic,vip
1026,2023-09-05,Frankfurt,email,new
1027,2023-12-12,Berlin,instagram,new
1028,2023-09-06,München,organic,vip
1029,2023-12-18,Köln,organic,new
1030,2023-12-25,Berlin,google_ads,new
1031,2023-12-03,Köln,tiktok,vip
1032,2023-10-17,Berlin,organic,vip
1033,2023-12-08,Berlin,google_ads,regular
1034,2023-10-25,Düsseldorf,instagram,regular
1035,2024-02-15,Düsseldorf,tiktok,new
1036,2023-10-22,Stuttgart,organic,new
1037,2024-01-22,Hamburg,tiktok,new
1038,2023-09-13,Berlin,instagram,regular
1039,2023-12-23,Frankfurt,referral,regular
1040,2024-01-02,München,organic,regular
1041,2023-12-15,Berlin,instagram,regular
1042,2024-02-05,München,organic,new
1043,2024-01-25,Berlin,referral,regular
1044,2024-01-23,Düsseldorf,email,new
1045,2023-12-29,Hamburg,instagram,regular
1046,2023-11-02,Köln,tiktok,new
1047,2023-09-19,Hamburg,email,vip
1048,2023-12-01,München,google_ads,new
1049,2023-10-28,Köln,google_ads,new
1050,2023-11-29,Berlin,instagram,new
1051,2023-12-26,Düsseldorf,organic,regular
1052,2023-11-01,Frankfurt,email,regular
1053,2023-09-23,Düsseldorf,referral,new
1054,2024-01-05,Stuttgart,tiktok,new
1055,2024-01-15,Köln,instagram,regular
1056,2024-01-18,Düsseldorf,instagram,new
1057,2024-01-07,Berlin,tiktok,regular
1058,2023-10-28,Berlin,email,regular
1059,2023-12-31,Berlin,email,new
1060,2023-09-01,Hamburg,email,new
1061,2023-10-04,Hamburg,tiktok,vip
1062,2023-12-05,Hamburg,organic,new
1063,2024-01-04,Stuttgart,organic,new
1064,2023-12-27,Hamburg,email,regular
1065,2023-10-18,Hamburg,tiktok,vip
1066,2023-11-28,Köln,organic,vip
1067,2023-12-26,Berlin,organic,regular
1068,2024-01-07,Stuttgart,tiktok,new
1069,2023-09-16,Berlin,organic,new
1070,2023-11-08,Düsseldorf,organic,regular
1071,2023-09-22,Frankfurt,google_ads,regular
1072,2023-12-02,Berlin,tiktok,new
1073,2023-11-15,Berlin,tiktok,vip
1074,2024-02-01,Stuttgart,instagram,new
1075,2024-01-22,Frankfurt,tiktok,regular
1076,2023-11-25,Frankfurt,instagram,new
1077,2023-09-29,Frankfurt,instagram,new
1078,2023-11-08,Berlin,tiktok,new
1079,2023-10-17,Hamburg,tiktok,new
1080,2023-12-03,Berlin,email,new
1081,2024-01-22,Stuttgart,tiktok,regular
1082,2024-02-23,Köln,google_ads,regular
1083,2023-11-24,Hamburg,organic,regular
1084,2023-10-09,Berlin,instagram,vip
1085,2023-12-09,Hamburg,instagram,new
1086,2023-10-03,Hamburg,instagram,new
1087,2023-12-10,Frankfurt,referral,regular
1088,2023-09-23,Köln,instagram,new
1089,2023-09-10,Stuttgart,email,vip
1090,2023-11-08,München,tiktok,new
1091,2023-12-09,Berlin,email,vip
1092,2023-10-04,Frankfurt,google_ads,new
1093,2024-01-16,Frankfurt,google_ads,vip
1094,2024-01-25,Köln,google_ads,regular
1095,2023-12-05,Frankfurt,organic,vip
1096,2023-09-01,München,tiktok,new
1097,2023-11-08,München,instagram,regular
1098,2023-09-04,München,organic,vip
1099,2023-09-16,Berlin,tiktok,regular
1100,2023-09-24,Berlin,organic,regular
1101,2023-11-19,Berlin,referral,regular
1102,2023-09-02,Köln,referral,new
1103,2024-01-06,Hamburg,referral,regular
1104,2024-02-07,München,instagram,regular
1105,2023-11-23,Düsseldorf,organic,vip
1106,2024-01-30,Hamburg,referral,new
1107,2024-01-18,München,google_ads,new
1108,2024-02-25,Frankfurt,referral,vip
1109,2024-02-10,Berlin,referral,vip
1110,2024-01-02,Berlin,email,new
1111,2023-10-03,Hamburg,instagram,regular
1112,2024-02-08,Berlin,instagram,new
1113,2024-02-18,Düsseldorf,email,new
1114,2023-12-10,Stuttgart,instagram,new
1115,2023-09-12,Köln,organic,new
1116,2023-11-06,Stuttgart,google_ads,regular
1117,2023-11-04,Stuttgart,referral,new
1118,2024-02-08,Berlin,tiktok,vip
1119,2024-02-15,Stuttgart,google_ads,vip
1120,2023-11-13,München,organic,regular
1121,2023-10-13,Stuttgart,tiktok,regular
1122,2023-10-14,Stuttgart,referral,new
1123,2023-09-29,Hamburg,organic,regular
1124,2024-01-19,Berlin,google_ads,regular
1125,2023-09-12,Berlin,email,new
1126,2023-12-04,München,tiktok,vip
1127,2023-10-16,Stuttgart,tiktok,regular
1128,2024-01-08,Stuttgart,tiktok,vip
1129,2023-10-05,Berlin,instagram,regular
1130,2023-11-20,München,instagram,regular
1131,2023-11-29,München,email,new
1132,2023-09-08,Berlin,email,vip
1133,2023-12-02,Berlin,email,regular
1134,2024-02-01,Hamburg,referral,new
1135,2023-11-29,Düsseldorf,google_ads,new
1136,2024-02-09,Hamburg,google_ads,new
1137,2023-12-24,München,email,regular
1138,2023-12-14,Frankfurt,tiktok,vip
1139,2024-01-13,Hamburg,tiktok,new
1140,2023-10-28,Düsseldorf,email,regular
